<?xml version="1.0"?>
<opencv_storage>
<mouse-face type_id="opencv-haar-classifier">
  <size>
    20 20</size>
  <stages>
    <_>
      <!-- stage 0 -->
      <trees>
        <_>
          <!-- tree 0 -->
          <_>
            <!-- root node -->
            <feature>
              <rects>
                <_>
                  7 1 8 18 -1.</_>
                <_>
                  7 7 8 6 3.</_></rects>
              <tilted>0</tilted></feature>
            <threshold>-0.3225114047527313</threshold>
            <left_node>1</left_node>
            <right_val>-0.9623299241065979</right_val></_>
          <_>
            <!-- node 1 -->
            <feature>
              <rects>
                <_>
                  10 5 10 14 -1.</_>
                <_>
                  15 5 5 14 2.</_></rects>
              <tilted>0</tilted></feature>
            <threshold>0.1202640011906624</threshold>
            <left_val>-1.</left_val>
            <right_val>0.9986503124237061</right_val></_></_>
        <_>
          <!-- tree 1 -->
          <_>
            <!-- root node -->
            <feature>
              <rects>
                <_>
                  8 1 5 18 -1.</_>
                <_>
                  8 7 5 6 3.</_></rects>
              <tilted>0</tilted></feature>
            <threshold>-0.1600566953420639</threshold>
            <left_node>1</left_node>
            <right_val>-0.9668369889259338</right_val></_>
          <_>
            <!-- node 1 -->
            <feature>
              <rects>
                <_>
                  0 5 12 7 -1.</_>
                <_>
                  6 5 6 7 2.</_></rects>
              <tilted>0</tilted></feature>
            <threshold>-0.1165931001305580</threshold>
            <left_val>0.9905840158462524</left_val>
            <right_val>-0.9997733831405640</right_val></_></_></trees>
      <stage_threshold>0.0282540898770094</stage_threshold>
      <parent>-1</parent>
      <next>-1</next></_>
    <_>
      <!-- stage 1 -->
      <trees>
        <_>
          <!-- tree 0 -->
          <_>
            <!-- root node -->
            <feature>
              <rects>
                <_>
                  7 1 8 18 -1.</_>
                <_>
                  7 7 8 6 3.</_></rects>
              <tilted>0</tilted></feature>
            <threshold>-0.3230687975883484</threshold>
            <left_node>1</left_node>
            <right_val>-0.9640908241271973</right_val></_>
          <_>
            <!-- node 1 -->
            <feature>
              <rects>
                <_>
                  0 2 20 4 -1.</_>
                <_>
                  0 4 20 2 2.</_></rects>
              <tilted>0</tilted></feature>
            <threshold>-0.0183399394154549</threshold>
            <left_val>0.9023687243461609</left_val>
            <right_val>-1.0000480413436890</right_val></_></_>
        <_>
          <!-- tree 1 -->
          <_>
            <!-- root node -->
            <feature>
              <rects>
                <_>
                  6 2 8 18 -1.</_>
                <_>
                  6 8 8 6 3.</_></rects>
              <tilted>0</tilted></feature>
            <threshold>-0.3656088113784790</threshold>
            <left_val>0.7813298702239990</left_val>
            <right_node>1</right_node></_>
          <_>
            <!-- node 1 -->
            <feature>
              <rects>
                <_>
                  3 8 16 7 -1.</_>
                <_>
                  11 8 8 7 2.</_></rects>
              <tilted>0</tilted></feature>
            <threshold>0.2746627032756805</threshold>
            <left_val>-0.8630468249320984</left_val>
            <right_val>0.9614506959915161</right_val></_></_></trees>
      <stage_threshold>-2.6401279028505087e-03</stage_threshold>
      <parent>0</parent>
      <next>-1</next></_>
    <_>
      <!-- stage 2 -->
      <trees>
        <_>
          <!-- tree 0 -->
          <_>
            <!-- root node -->
            <feature>
              <rects>
                <_>
                  0 5 10 9 -1.</_>
                <_>
                  5 5 5 9 2.</_></rects>
              <tilted>0</tilted></feature>
            <threshold>-0.1864490061998367</threshold>
            <left_node>1</left_node>
            <right_val>-0.8302106857299805</right_val></_>
          <_>
            <!-- node 1 -->
            <feature>
              <rects>
                <_>
                  2 13 14 6 -1.</_>
                <_>
                  2 16 14 3 2.</_></rects>
              <tilted>0</tilted></feature>
            <threshold>0.0725645124912262</threshold>
            <left_val>-0.6382213830947876</left_val>
            <right_val>0.8611295819282532</right_val></_></_>
        <_>
          <!-- tree 1 -->
          <_>
            <!-- root node -->
            <feature>
              <rects>
                <_>
                  12 4 8 12 -1.</_>
                <_>
                  16 4 4 12 2.</_></rects>
              <tilted>0</tilted></feature>
            <threshold>0.1583501994609833</threshold>
            <left_node>1</left_node>
            <right_val>0.5480133891105652</right_val></_>
          <_>
            <!-- node 1 -->
            <feature>
              <rects>
                <_>
                  5 0 5 14 -1.</_>
                <_>
                  5 7 5 7 2.</_></rects>
              <tilted>0</tilted></feature>
            <threshold>-0.2200631052255630</threshold>
            <left_val>0.5972254872322083</left_val>
            <right_val>-0.8865805864334106</right_val></_></_></trees>
      <stage_threshold>-0.2821972072124481</stage_threshold>
      <parent>1</parent>
      <next>-1</next></_>
    <_>
      <!-- stage 3 -->
      <trees>
        <_>
          <!-- tree 0 -->
          <_>
            <!-- root node -->
            <feature>
              <rects>
                <_>
                  0 3 10 11 -1.</_>
                <_>
                  5 3 5 11 2.</_></rects>
              <tilted>0</tilted></feature>
            <threshold>-0.1918490976095200</threshold>
            <left_node>1</left_node>
            <right_val>-0.8497337102890015</right_val></_>
          <_>
            <!-- node 1 -->
            <feature>
              <rects>
                <_>
                  6 2 8 18 -1.</_>
                <_>
                  6 8 8 6 3.</_></rects>
              <tilted>0</tilted></feature>
            <threshold>-0.3662252128124237</threshold>
            <left_val>0.7294582128524780</left_val>
            <right_val>-0.5401120185852051</right_val></_></_>
        <_>
          <!-- tree 1 -->
          <_>
            <!-- root node -->
            <feature>
              <rects>
                <_>
                  13 7 2 1 -1.</_>
                <_>
                  14 7 1 1 2.</_></rects>
              <tilted>0</tilted></feature>
            <threshold>5.5177632020786405e-04</threshold>
            <left_val>-0.7420654296875000</left_val>
            <right_node>1</right_node></_>
          <_>
            <!-- node 1 -->
            <feature>
              <rects>
                <_>
                  0 2 1 15 -1.</_>
                <_>
                  0 7 1 5 3.</_></rects>
              <tilted>0</tilted></feature>
            <threshold>7.1952738799154758e-03</threshold>
            <left_val>0.4647463858127594</left_val>
            <right_val>-0.9816327095031738</right_val></_></_></trees>
      <stage_threshold>-0.3849872946739197</stage_threshold>
      <parent>2</parent>
      <next>-1</next></_>
    <_>
      <!-- stage 4 -->
      <trees>
        <_>
          <!-- tree 0 -->
          <_>
            <!-- root node -->
            <feature>
              <rects>
                <_>
                  0 8 10 6 -1.</_>
                <_>
                  5 8 5 6 2.</_></rects>
              <tilted>0</tilted></feature>
            <threshold>-0.1396664977073669</threshold>
            <left_node>1</left_node>
            <right_val>-0.7177671790122986</right_val></_>
          <_>
            <!-- node 1 -->
            <feature>
              <rects>
                <_>
                  9 0 4 8 -1.</_>
                <_>
                  9 4 4 4 2.</_></rects>
              <tilted>0</tilted></feature>
            <threshold>-0.0641584396362305</threshold>
            <left_val>0.6541901230812073</left_val>
            <right_val>-0.5973526835441589</right_val></_></_>
        <_>
          <!-- tree 1 -->
          <_>
            <!-- root node -->
            <feature>
              <rects>
                <_>
                  4 0 2 2 -1.</_>
                <_>
                  4 1 2 1 2.</_></rects>
              <tilted>0</tilted></feature>
            <threshold>-6.5674183133523911e-05</threshold>
            <left_node>1</left_node>
            <right_val>-0.6759030818939209</right_val></_>
          <_>
            <!-- node 1 -->
            <feature>
              <rects>
                <_>
                  3 0 3 2 -1.</_>
                <_>
                  3 1 3 1 2.</_></rects>
              <tilted>0</tilted></feature>
            <threshold>-2.3361460771411657e-03</threshold>
            <left_val>-0.9422857165336609</left_val>
            <right_val>0.5034828782081604</right_val></_></_>
        <_>
          <!-- tree 2 -->
          <_>
            <!-- root node -->
            <feature>
              <rects>
                <_>
                  0 8 19 9 -1.</_>
                <_>
                  0 11 19 3 3.</_></rects>
              <tilted>0</tilted></feature>
            <threshold>-0.0560280382633209</threshold>
            <left_node>1</left_node>
            <right_val>-0.8197606205940247</right_val></_>
          <_>
            <!-- node 1 -->
            <feature>
              <rects>
                <_>
                  0 7 20 6 -1.</_>
                <_>
                  0 9 20 2 3.</_></rects>
              <tilted>0</tilted></feature>
            <threshold>-6.7762439139187336e-03</threshold>
            <left_val>0.4236497879028320</left_val>
            <right_val>-0.7695639133453369</right_val></_></_>
        <_>
          <!-- tree 3 -->
          <_>
            <!-- root node -->
            <feature>
              <rects>
                <_>
                  17 2 3 18 -1.</_>
                <_>
                  18 2 1 18 3.</_></rects>
              <tilted>0</tilted></feature>
            <threshold>-6.0060567921027541e-04</threshold>
            <left_val>-0.8952658772468567</left_val>
            <right_node>1</right_node></_>
          <_>
            <!-- node 1 -->
            <feature>
              <rects>
                <_>
                  0 1 1 9 -1.</_>
                <_>
                  0 4 1 3 3.</_></rects>
              <tilted>0</tilted></feature>
            <threshold>2.8689811006188393e-03</threshold>
            <left_val>0.3137111961841583</left_val>
            <right_val>-0.9474579095840454</right_val></_></_></trees>
      <stage_threshold>-0.7203338146209717</stage_threshold>
      <parent>3</parent>
      <next>-1</next></_>
    <_>
      <!-- stage 5 -->
      <trees>
        <_>
          <!-- tree 0 -->
          <_>
            <!-- root node -->
            <feature>
              <rects>
                <_>
                  7 12 6 8 -1.</_>
                <_>
                  7 16 6 4 2.</_></rects>
              <tilted>0</tilted></feature>
            <threshold>0.1120921969413757</threshold>
            <left_val>-0.4549568891525269</left_val>
            <right_node>1</right_node></_>
          <_>
            <!-- node 1 -->
            <feature>
              <rects>
                <_>
                  10 4 10 12 -1.</_>
                <_>
                  15 4 5 12 2.</_></rects>
              <tilted>0</tilted></feature>
            <threshold>0.2188269048929214</threshold>
            <left_val>-0.7165147066116333</left_val>
            <right_val>0.6744331121444702</right_val></_></_>
        <_>
          <!-- tree 1 -->
          <_>
            <!-- root node -->
            <feature>
              <rects>
                <_>
                  0 2 4 5 -1.</_>
                <_>
                  2 2 2 5 2.</_></rects>
              <tilted>0</tilted></feature>
            <threshold>-1.1574650416150689e-03</threshold>
            <left_node>1</left_node>
            <right_val>-0.6495565176010132</right_val></_>
          <_>
            <!-- node 1 -->
            <feature>
              <rects>
                <_>
                  7 0 7 10 -1.</_>
                <_>
                  7 5 7 5 2.</_></rects>
              <tilted>0</tilted></feature>
            <threshold>-0.1681468039751053</threshold>
            <left_val>0.5850148200988770</left_val>
            <right_val>-0.6318420171737671</right_val></_></_>
        <_>
          <!-- tree 2 -->
          <_>
            <!-- root node -->
            <feature>
              <rects>
                <_>
                  5 0 2 12 -1.</_>
                <_>
                  6 0 1 12 2.</_></rects>
              <tilted>0</tilted></feature>
            <threshold>-6.1404230073094368e-03</threshold>
            <left_node>1</left_node>
            <right_val>-0.7640082240104675</right_val></_>
          <_>
            <!-- node 1 -->
            <feature>
              <rects>
                <_>
                  15 0 4 2 -1.</_>
                <_>
                  15 1 4 1 2.</_></rects>
              <tilted>0</tilted></feature>
            <threshold>1.1107820319011807e-03</threshold>
            <left_val>0.3370622098445892</left_val>
            <right_val>-1.0000070333480835</right_val></_></_>
        <_>
          <!-- tree 3 -->
          <_>
            <!-- root node -->
            <feature>
              <rects>
                <_>
                  4 6 16 4 -1.</_>
                <_>
                  4 8 16 2 2.</_></rects>
              <tilted>0</tilted></feature>
            <threshold>-0.0122885899618268</threshold>
            <left_node>1</left_node>
            <right_val>-0.8561998009681702</right_val></_>
          <_>
            <!-- node 1 -->
            <feature>
              <rects>
                <_>
                  18 15 2 4 -1.</_>
                <_>
                  18 15 1 2 2.</_>
                <_>
                  19 17 1 2 2.</_></rects>
              <tilted>0</tilted></feature>
            <threshold>4.8201190656982362e-04</threshold>
            <left_val>0.2638559937477112</left_val>
            <right_val>-0.9036036729812622</right_val></_></_></trees>
      <stage_threshold>-0.7651531100273132</stage_threshold>
      <parent>4</parent>
      <next>-1</next></_>
    <_>
      <!-- stage 6 -->
      <trees>
        <_>
          <!-- tree 0 -->
          <_>
            <!-- root node -->
            <feature>
              <rects>
                <_>
                  8 1 5 6 -1.</_>
                <_>
                  8 4 5 3 2.</_></rects>
              <tilted>0</tilted></feature>
            <threshold>-0.0545126907527447</threshold>
            <left_node>1</left_node>
            <right_val>-0.5285698771476746</right_val></_>
          <_>
            <!-- node 1 -->
            <feature>
              <rects>
                <_>
                  7 2 6 9 -1.</_>
                <_>
                  7 5 6 3 3.</_></rects>
              <tilted>0</tilted></feature>
            <threshold>-0.0690379068255424</threshold>
            <left_val>-0.7314608097076416</left_val>
            <right_val>0.5062198042869568</right_val></_></_>
        <_>
          <!-- tree 1 -->
          <_>
            <!-- root node -->
            <feature>
              <rects>
                <_>
                  1 0 4 2 -1.</_>
                <_>
                  1 1 4 1 2.</_></rects>
              <tilted>0</tilted></feature>
            <threshold>-7.1843598561827093e-05</threshold>
            <left_node>1</left_node>
            <right_val>-0.5239226818084717</right_val></_>
          <_>
            <!-- node 1 -->
            <feature>
              <rects>
                <_>
                  0 0 1 4 -1.</_>
                <_>
                  0 2 1 2 2.</_></rects>
              <tilted>0</tilted></feature>
            <threshold>-1.7363920342177153e-03</threshold>
            <left_val>-0.9097067117691040</left_val>
            <right_val>0.4227673113346100</right_val></_></_>
        <_>
          <!-- tree 2 -->
          <_>
            <!-- root node -->
            <feature>
              <rects>
                <_>
                  7 14 6 4 -1.</_>
                <_>
                  7 16 6 2 2.</_></rects>
              <tilted>0</tilted></feature>
            <threshold>0.0343655906617641</threshold>
            <left_val>-0.3731879889965057</left_val>
            <right_node>1</right_node></_>
          <_>
            <!-- node 1 -->
            <feature>
              <rects>
                <_>
                  14 7 2 13 -1.</_>
                <_>
                  15 7 1 13 2.</_></rects>
              <tilted>0</tilted></feature>
            <threshold>5.9029571712017059e-03</threshold>
            <left_val>-0.9248030781745911</left_val>
            <right_val>0.5269573926925659</right_val></_></_>
        <_>
          <!-- tree 3 -->
          <_>
            <!-- root node -->
            <feature>
              <rects>
                <_>
                  19 3 1 16 -1.</_>
                <_>
                  19 11 1 8 2.</_></rects>
              <tilted>0</tilted></feature>
            <threshold>0.0107079399749637</threshold>
            <left_node>1</left_node>
            <right_val>-0.9919947981834412</right_val></_>
          <_>
            <!-- node 1 -->
            <feature>
              <rects>
                <_>
                  17 12 3 5 -1.</_>
                <_>
                  18 12 1 5 3.</_></rects>
              <tilted>0</tilted></feature>
            <threshold>-6.0682627372443676e-04</threshold>
            <left_val>-0.8530135750770569</left_val>
            <right_val>0.2360388934612274</right_val></_></_>
        <_>
          <!-- tree 4 -->
          <_>
            <!-- root node -->
            <feature>
              <rects>
                <_>
                  18 13 2 4 -1.</_>
                <_>
                  18 13 1 2 2.</_>
                <_>
                  19 15 1 2 2.</_></rects>
              <tilted>0</tilted></feature>
            <threshold>2.4545908672735095e-04</threshold>
            <left_node>1</left_node>
            <right_val>-0.7845681905746460</right_val></_>
          <_>
            <!-- node 1 -->
            <feature>
              <rects>
                <_>
                  1 9 16 6 -1.</_>
                <_>
                  1 11 16 2 3.</_></rects>
              <tilted>0</tilted></feature>
            <threshold>-9.4061698764562607e-03</threshold>
            <left_val>0.2410331070423126</left_val>
            <right_val>-0.8137642741203308</right_val></_></_></trees>
      <stage_threshold>-0.9486085772514343</stage_threshold>
      <parent>5</parent>
      <next>-1</next></_>
    <_>
      <!-- stage 7 -->
      <trees>
        <_>
          <!-- tree 0 -->
          <_>
            <!-- root node -->
            <feature>
              <rects>
                <_>
                  2 0 3 4 -1.</_>
                <_>
                  2 2 3 2 2.</_></rects>
              <tilted>0</tilted></feature>
            <threshold>-7.8056158963590860e-04</threshold>
            <left_node>1</left_node>
            <right_val>-0.5905194878578186</right_val></_>
          <_>
            <!-- node 1 -->
            <feature>
              <rects>
                <_>
                  6 2 7 6 -1.</_>
                <_>
                  6 5 7 3 2.</_></rects>
              <tilted>0</tilted></feature>
            <threshold>-0.0661518424749374</threshold>
            <left_val>0.4317064881324768</left_val>
            <right_val>-0.7394539713859558</right_val></_></_>
        <_>
          <!-- tree 1 -->
          <_>
            <!-- root node -->
            <feature>
              <rects>
                <_>
                  15 14 2 1 -1.</_>
                <_>
                  16 14 1 1 2.</_></rects>
              <tilted>0</tilted></feature>
            <threshold>7.2695969720371068e-05</threshold>
            <left_val>-0.7447050213813782</left_val>
            <right_node>1</right_node></_>
          <_>
            <!-- node 1 -->
            <feature>
              <rects>
                <_>
                  0 18 1 2 -1.</_>
                <_>
                  0 19 1 1 2.</_></rects>
              <tilted>0</tilted></feature>
            <threshold>1.6780169971752912e-04</threshold>
            <left_val>0.3254516124725342</left_val>
            <right_val>-0.6550893187522888</right_val></_></_>
        <_>
          <!-- tree 2 -->
          <_>
            <!-- root node -->
            <feature>
              <rects>
                <_>
                  2 12 9 8 -1.</_>
                <_>
                  2 16 9 4 2.</_></rects>
              <tilted>0</tilted></feature>
            <threshold>0.1039289012551308</threshold>
            <left_val>-0.4600239098072052</left_val>
            <right_node>1</right_node></_>
          <_>
            <!-- node 1 -->
            <feature>
              <rects>
                <_>
                  6 6 6 9 -1.</_>
                <_>
                  6 9 6 3 3.</_></rects>
              <tilted>0</tilted></feature>
            <threshold>-0.0228208601474762</threshold>
            <left_val>0.4216777980327606</left_val>
            <right_val>-0.8057330250740051</right_val></_></_>
        <_>
          <!-- tree 3 -->
          <_>
            <!-- root node -->
            <feature>
              <rects>
                <_>
                  0 0 1 6 -1.</_>
                <_>
                  0 2 1 2 3.</_></rects>
              <tilted>0</tilted></feature>
            <threshold>1.2070710072293878e-03</threshold>
            <left_node>1</left_node>
            <right_val>-0.8319560289382935</right_val></_>
          <_>
            <!-- node 1 -->
            <feature>
              <rects>
                <_>
                  14 6 2 5 -1.</_>
                <_>
                  15 6 1 5 2.</_></rects>
              <tilted>0</tilted></feature>
            <threshold>4.3387957848608494e-03</threshold>
            <left_val>-0.6111556291580200</left_val>
            <right_val>0.3556345999240875</right_val></_></_></trees>
      <stage_threshold>-0.6734812855720520</stage_threshold>
      <parent>6</parent>
      <next>-1</next></_>
    <_>
      <!-- stage 8 -->
      <trees>
        <_>
          <!-- tree 0 -->
          <_>
            <!-- root node -->
            <feature>
              <rects>
                <_>
                  5 4 6 10 -1.</_>
                <_>
                  7 4 2 10 3.</_></rects>
              <tilted>0</tilted></feature>
            <threshold>-0.0187570396810770</threshold>
            <left_node>1</left_node>
            <right_val>-0.5463840961456299</right_val></_>
          <_>
            <!-- node 1 -->
            <feature>
              <rects>
                <_>
                  12 16 8 4 -1.</_>
                <_>
                  12 16 4 2 2.</_>
                <_>
                  16 18 4 2 2.</_></rects>
              <tilted>0</tilted></feature>
            <threshold>-1.3649299507960677e-03</threshold>
            <left_val>0.4254583120346069</left_val>
            <right_val>-0.4865646064281464</right_val></_></_>
        <_>
          <!-- tree 1 -->
          <_>
            <!-- root node -->
            <feature>
              <rects>
                <_>
                  11 0 1 8 -1.</_>
                <_>
                  11 4 1 4 2.</_></rects>
              <tilted>0</tilted></feature>
            <threshold>-0.0165893603116274</threshold>
            <left_node>1</left_node>
            <right_val>-0.6775608062744141</right_val></_>
          <_>
            <!-- node 1 -->
            <feature>
              <rects>
                <_>
                  2 0 18 2 -1.</_>
                <_>
                  8 0 6 2 3.</_></rects>
              <tilted>0</tilted></feature>
            <threshold>0.0204305108636618</threshold>
            <left_val>0.2796745896339417</left_val>
            <right_val>-0.9739106297492981</right_val></_></_>
        <_>
          <!-- tree 2 -->
          <_>
            <!-- root node -->
            <feature>
              <rects>
                <_>
                  0 6 3 10 -1.</_>
                <_>
                  1 6 1 10 3.</_></rects>
              <tilted>0</tilted></feature>
            <threshold>7.1446702349931002e-05</threshold>
            <left_val>-0.6027023196220398</left_val>
            <right_node>1</right_node></_>
          <_>
            <!-- node 1 -->
            <feature>
              <rects>
                <_>
                  18 17 2 2 -1.</_>
                <_>
                  18 18 2 1 2.</_></rects>
              <tilted>0</tilted></feature>
            <threshold>-9.9893740843981504e-04</threshold>
            <left_val>-0.9752027988433838</left_val>
            <right_val>0.2788898944854736</right_val></_></_>
        <_>
          <!-- tree 3 -->
          <_>
            <!-- root node -->
            <feature>
              <rects>
                <_>
                  19 18 1 2 -1.</_>
                <_>
                  19 19 1 1 2.</_></rects>
              <tilted>0</tilted></feature>
            <threshold>-6.0927410231670365e-05</threshold>
            <left_node>1</left_node>
            <right_val>-0.3630396127700806</right_val></_>
          <_>
            <!-- node 1 -->
            <feature>
              <rects>
                <_>
                  19 18 1 2 -1.</_>
                <_>
                  19 19 1 1 2.</_></rects>
              <tilted>0</tilted></feature>
            <threshold>-4.2897398816421628e-04</threshold>
            <left_val>-0.7163450717926025</left_val>
            <right_val>0.5670316219329834</right_val></_></_>
        <_>
          <!-- tree 4 -->
          <_>
            <!-- root node -->
            <feature>
              <rects>
                <_>
                  11 5 1 15 -1.</_>
                <_>
                  11 10 1 5 3.</_></rects>
              <tilted>0</tilted></feature>
            <threshold>-0.0328911617398262</threshold>
            <left_val>0.4319378137588501</left_val>
            <right_node>1</right_node></_>
          <_>
            <!-- node 1 -->
            <feature>
              <rects>
                <_>
                  2 1 16 16 -1.</_>
                <_>
                  2 1 8 8 2.</_>
                <_>
                  10 9 8 8 2.</_></rects>
              <tilted>0</tilted></feature>
            <threshold>0.1819828003644943</threshold>
            <left_val>-0.4970239102840424</left_val>
            <right_val>0.5111051797866821</right_val></_></_>
        <_>
          <!-- tree 5 -->
          <_>
            <!-- root node -->
            <feature>
              <rects>
                <_>
                  0 0 6 7 -1.</_>
                <_>
                  3 0 3 7 2.</_></rects>
              <tilted>0</tilted></feature>
            <threshold>-4.8991078510880470e-03</threshold>
            <left_node>1</left_node>
            <right_val>-0.6805701255798340</right_val></_>
          <_>
            <!-- node 1 -->
            <feature>
              <rects>
                <_>
                  19 5 1 15 -1.</_>
                <_>
                  19 10 1 5 3.</_></rects>
              <tilted>0</tilted></feature>
            <threshold>-0.0119909299537539</threshold>
            <left_val>-0.7971063852310181</left_val>
            <right_val>0.3157649040222168</right_val></_></_></trees>
      <stage_threshold>-0.7160276770591736</stage_threshold>
      <parent>7</parent>
      <next>-1</next></_></stages></mouse-face>
</opencv_storage>
